"Time";"Bluefors ROX";"Lakeshore ROX"
"2019-12-10T17:34:00-05:00";0.023993454838709672;0
"2019-12-10T17:34:20-05:00";0.024093670531309293;0
"2019-12-10T17:34:40-05:00";0.024193886223908913;0
"2019-12-10T17:35:00-05:00";0.024294101916508534;0
"2019-12-10T17:35:20-05:00";0.024394317609108155;0
"2019-12-10T17:35:40-05:00";0.024494533301707776;0
"2019-12-10T17:36:00-05:00";0.024594748994307396;0
"2019-12-10T17:36:20-05:00";0.024694964686907017;0
"2019-12-10T17:36:40-05:00";0.024795180379506638;0
"2019-12-10T17:37:00-05:00";0.02489539607210626;0
"2019-12-10T17:37:20-05:00";0.02499561176470588;0
"2019-12-10T17:37:40-05:00";0.02498990597014925;0
"2019-12-10T17:38:00-05:00";0.0249975223880597;0
"2019-12-10T17:38:20-05:00";0.024993687878787883;0
"2019-12-10T17:38:40-05:00";0.02499422985074627;0
"2019-12-10T17:39:00-05:00";0.02499282238805969;0
"2019-12-10T17:39:20-05:00";0.02499432727272727;0
"2019-12-10T17:39:40-05:00";0.025094484789356983;0
"2019-12-10T17:40:00-05:00";0.025194642305986694;0
"2019-12-10T17:40:20-05:00";0.025294799822616405;0
"2019-12-10T17:40:40-05:00";0.025394957339246117;0
"2019-12-10T17:41:00-05:00";0.025495114855875828;0
"2019-12-10T17:41:20-05:00";0.025595272372505543;0
"2019-12-10T17:41:40-05:00";0.025695429889135254;0
"2019-12-10T17:42:00-05:00";0.025795587405764965;0
"2019-12-10T17:42:20-05:00";0.025895744922394676;0
"2019-12-10T17:42:40-05:00";0.025995902439024388;0
"2019-12-10T17:43:00-05:00";0.02599321492537313;0
"2019-12-10T17:43:20-05:00";0.025993736363636367;0
"2019-12-10T17:43:40-05:00";0.025993302985074625;0
"2019-12-10T17:44:00-05:00";0.02599535820895522;0
"2019-12-10T17:44:20-05:00";0.02599055151515151;0
"2019-12-10T17:44:40-05:00";0.026001262962962964;0
"2019-12-10T17:45:00-05:00";0.026100579523809522;0
"2019-12-10T17:45:20-05:00";0.026199896084656085;0
"2019-12-10T17:45:40-05:00";0.026299212645502643;0
"2019-12-10T17:46:00-05:00";0.026398529206349206;0
"2019-12-10T17:46:20-05:00";0.026497845767195764;0
"2019-12-10T17:46:40-05:00";0.026597162328042323;0
"2019-12-10T17:47:00-05:00";0.026696478888888885;0
"2019-12-10T17:47:20-05:00";0.026795795449735444;0
"2019-12-10T17:47:40-05:00";0.026895112010582006;0
"2019-12-10T17:48:00-05:00";0.026994428571428565;0
"2019-12-10T17:48:20-05:00";0.0269947196969697;0
"2019-12-10T17:48:40-05:00";0.026990286567164186;0
"2019-12-10T17:49:00-05:00";0.026994439393939394;0
"2019-12-10T17:49:20-05:00";0.026993467164179104;0
"2019-12-10T17:49:40-05:00";0.026994777611940305;0
"2019-12-10T17:50:00-05:00";0.02698525789473685;0
"2019-12-10T17:50:20-05:00";0.0270860777416268;0
"2019-12-10T17:50:40-05:00";0.02718689758851675;0
"2019-12-10T17:51:00-05:00";0.027287717435406703;0
"2019-12-10T17:51:20-05:00";0.027388537282296652;0
"2019-12-10T17:51:40-05:00";0.027489357129186605;0
"2019-12-10T17:52:00-05:00";0.027590176976076557;0
"2019-12-10T17:52:20-05:00";0.027690996822966506;0
"2019-12-10T17:52:40-05:00";0.02779181666985646;0
"2019-12-10T17:53:00-05:00";0.027892636516746408;0
"2019-12-10T17:53:20-05:00";0.02799345636363636;0
"2019-12-10T17:53:40-05:00";0.02799303731343284;0
"2019-12-10T17:54:00-05:00";0.02799461641791045;0
"2019-12-10T17:54:20-05:00";0.02799260757575758;0
"2019-12-10T17:54:40-05:00";0.027992634328358218;0
"2019-12-10T17:55:00-05:00";0.0279925696969697;0
"2019-12-10T17:55:20-05:00";0.028000184615384623;0
"2019-12-10T17:55:40-05:00";0.02809938361416362;0
"2019-12-10T17:56:00-05:00";0.028198582612942617;0
"2019-12-10T17:56:20-05:00";0.028297781611721612;0
"2019-12-10T17:56:40-05:00";0.02839698061050061;0
"2019-12-10T17:57:00-05:00";0.02849617960927961;0
"2019-12-10T17:57:20-05:00";0.028595378608058605;0
"2019-12-10T17:57:40-05:00";0.0286945776068376;0
"2019-12-10T17:58:00-05:00";0.0287937766056166;0
"2019-12-10T17:58:20-05:00";0.028892975604395597;0
"2019-12-10T17:58:40-05:00";0.028992174603174593;0
"2019-12-10T17:59:00-05:00";0.028994127272727283;0
"2019-12-10T17:59:20-05:00";0.028989537313432838;0
"2019-12-10T17:59:40-05:00";0.0289945328358209;0
"2019-12-10T18:00:00-05:00";0.028992362121212128;0
"2019-12-10T18:00:20-05:00";0.02899290298507463;0
"2019-12-10T18:00:40-05:00";0.028990879999999997;0
"2019-12-10T18:01:00-05:00";0.029101141481481477;0
"2019-12-10T18:01:20-05:00";0.02921140296296296;0
"2019-12-10T18:01:40-05:00";0.02932166444444444;0
"2019-12-10T18:02:00-05:00";0.029431925925925924;0
"2019-12-10T18:02:20-05:00";0.029542187407407404;0
"2019-12-10T18:02:40-05:00";0.029652448888888887;0
"2019-12-10T18:03:00-05:00";0.029762710370370368;0
"2019-12-10T18:03:20-05:00";0.02987297185185185;0
"2019-12-10T18:03:40-05:00";0.02998323333333333;0
"2019-12-10T18:04:00-05:00";0.029993338805970157;0
"2019-12-10T18:04:20-05:00";0.02999098059701492;0
"2019-12-10T18:04:40-05:00";0.02999261791044776;0
"2019-12-10T18:05:00-05:00";0.029992109090909103;0
"2019-12-10T18:05:20-05:00";0.029994902985074633;0
"2019-12-10T18:05:40-05:00";0.0299906;0
"2019-12-10T18:06:00-05:00";0.030091037272727272;0.004413611818181818
"2019-12-10T18:06:20-05:00";0.030191474545454546;0.008827223636363636
"2019-12-10T18:06:40-05:00";0.03029191181818182;0.013240835454545453
"2019-12-10T18:07:00-05:00";0.030392349090909092;0.01765444727272727
"2019-12-10T18:07:20-05:00";0.030492786363636365;0.02206805909090909
"2019-12-10T18:07:40-05:00";0.030593223636363635;0.026481670909090906
"2019-12-10T18:08:00-05:00";0.030693660909090908;0.030895282727272724
"2019-12-10T18:08:20-05:00";0.03079409818181818;0.03530889454545454
"2019-12-10T18:08:40-05:00";0.030894535454545454;0.03972250636363636
"2019-12-10T18:09:00-05:00";0.030994972727272727;0.04413611818181818
"2019-12-10T18:09:20-05:00";0.03099169242424242;0.04413060151515151
"2019-12-10T18:09:40-05:00";0.030991820895522392;0.04411982089552238
"2019-12-10T18:10:00-05:00";0.03099438059701493;0.04409399393939395
"2019-12-10T18:10:20-05:00";0.030992007575757572;0.04409214626865671
"2019-12-10T18:10:40-05:00";0.030993292537313432;0.044083089552238816
"2019-12-10T18:11:00-05:00";0.030990929824561413;0.04405975614035089
"2019-12-10T18:11:20-05:00";0.031091069064327494;0.04410827830409358
"2019-12-10T18:11:40-05:00";0.031191208304093575;0.044156800467836266
"2019-12-10T18:12:00-05:00";0.031291347543859656;0.04420532263157896
"2019-12-10T18:12:20-05:00";0.03139148678362574;0.04425384479532165
"2019-12-10T18:12:40-05:00";0.031491626023391825;0.04430236695906434
"2019-12-10T18:13:00-05:00";0.031591765263157906;0.044350889122807026
"2019-12-10T18:13:20-05:00";0.03169190450292399;0.044399411286549714
"2019-12-10T18:13:40-05:00";0.03179204374269007;0.04444793345029241
"2019-12-10T18:14:00-05:00";0.03189218298245615;0.0444964556140351
"2019-12-10T18:14:20-05:00";0.03199232222222223;0.044544977777777786
"2019-12-10T18:14:40-05:00";0.0319909119402985;0.04457097761194031
"2019-12-10T18:15:00-05:00";0.03199359393939395;0.04460999090909091
"2019-12-10T18:15:20-05:00";0.03198961194029852;0.044620595522388035
"2019-12-10T18:15:40-05:00";0.0319938328358209;0.04461978059701492
"2019-12-10T18:16:00-05:00";0.03199001818181819;0.04461020757575757
"2019-12-10T18:16:20-05:00";0.031993627999999996;0.044604361999999995
"2019-12-10T18:16:40-05:00";0.03209367443076923;0.044650249261538454
"2019-12-10T18:17:00-05:00";0.03219372086153846;0.04469613652307692
"2019-12-10T18:17:20-05:00";0.032293767292307686;0.04474202378461538
"2019-12-10T18:17:40-05:00";0.03239381372307692;0.04478791104615384
"2019-12-10T18:18:00-05:00";0.03249386015384615;0.044833798307692296
"2019-12-10T18:18:20-05:00";0.03259390658461538;0.04487968556923076
"2019-12-10T18:18:40-05:00";0.032693953015384615;0.04492557283076922
"2019-12-10T18:19:00-05:00";0.03279399944615384;0.04497146009230768
"2019-12-10T18:19:20-05:00";0.03289404587692307;0.045017347353846146
"2019-12-10T18:19:40-05:00";0.032994092307692305;0.045063234615384605
"2019-12-10T18:20:00-05:00";0.03299042575757577;0.045066003030303024
"2019-12-10T18:20:20-05:00";0.032992802985074614;0.0450682880597015
"2019-12-10T18:20:40-05:00";0.0329904696969697;0.045067630303030286
"2019-12-10T18:21:00-05:00";0.03299227014925371;0.04506450597014925
"2019-12-10T18:21:20-05:00";0.03299063582089552;0.04506099253731342
"2019-12-10T18:21:40-05:00";0.03299238809523811;0.045057366666666675
"2019-12-10T18:22:00-05:00";0.03309222474025975;0.04511457212121213
"2019-12-10T18:22:20-05:00";0.0331920613852814;0.045171777575757584
"2019-12-10T18:22:40-05:00";0.03329189803030304;0.04522898303030304
"2019-12-10T18:23:00-05:00";0.033391734675324684;0.04528618848484849
"2019-12-10T18:23:20-05:00";0.03349157132034633;0.04534339393939395
"2019-12-10T18:23:40-05:00";0.03359140796536798;0.045400599393939395
"2019-12-10T18:24:00-05:00";0.03369124461038962;0.04545780484848485
"2019-12-10T18:24:20-05:00";0.03379108125541126;0.045515010303030304
"2019-12-10T18:24:40-05:00";0.03389091790043291;0.04557221575757576
"2019-12-10T18:25:00-05:00";0.033990754545454555;0.04562942121212121
"2019-12-10T18:25:20-05:00";0.03399249999999998;0.04563121212121213
"2019-12-10T18:25:40-05:00";0.033990487878787876;0.04560697910447762
"2019-12-10T18:26:00-05:00";0.03399049850746269;0.04560108805970149
"2019-12-10T18:26:20-05:00";0.03399160597014927;0.04560553030303031
"2019-12-10T18:26:40-05:00";0.03399069545454546;0.04558866865671643
"2019-12-10T18:27:00-05:00";0.03399005428571429;0.04557261714285713
"2019-12-10T18:27:20-05:00";0.03408999535714286;0.04562712917857142
"2019-12-10T18:27:40-05:00";0.03418993642857143;0.0456816412142857
"2019-12-10T18:28:00-05:00";0.0342898775;0.045736153249999995
"2019-12-10T18:28:20-05:00";0.034389818571428574;0.04579066528571428
"2019-12-10T18:28:40-05:00";0.03448975964285715;0.045845177321428565
"2019-12-10T18:29:00-05:00";0.03458970071428572;0.04589968935714285
"2019-12-10T18:29:20-05:00";0.03468964178571429;0.045954201392857136
"2019-12-10T18:29:40-05:00";0.03478958285714286;0.04600871342857143
"2019-12-10T18:30:00-05:00";0.034889523928571434;0.04606322546428571
"2019-12-10T18:30:20-05:00";0.034989465000000004;0.0461177375
"2019-12-10T18:30:40-05:00";0.0349913671641791;0.046107828358208945
"2019-12-10T18:31:00-05:00";0.034991434848484854;0.04609933787878789
"2019-12-10T18:31:20-05:00";0.03498986716417911;0.04610520746268657
"2019-12-10T18:31:40-05:00";0.034991117910447754;0.046092080597014945
"2019-12-10T18:32:00-05:00";0.034991332835820885;0.046087765151515137
"2019-12-10T18:32:20-05:00";0.03498932592592593;0.04608342142857142
"2019-12-10T18:32:40-05:00";0.03508950460992908;0.046148793452380946
"2019-12-10T18:33:00-05:00";0.03518968329393223;0.046214165476190464
"2019-12-10T18:33:20-05:00";0.035289861977935384;0.04627953749999999
"2019-12-10T18:33:40-05:00";0.035390040661938536;0.04634490952380951
"2019-12-10T18:34:00-05:00";0.035490219345941695;0.04641028154761903
"2019-12-10T18:34:20-05:00";0.03559039802994485;0.046475653571428556
"2019-12-10T18:34:40-05:00";0.035690576713948;0.04654102559523808
"2019-12-10T18:35:00-05:00";0.03579075539795115;0.046606397619047606
"2019-12-10T18:35:20-05:00";0.035890934081954304;0.046671769642857124
"2019-12-10T18:35:40-05:00";0.035991112765957456;0.04673714166666665
"2019-12-10T18:36:00-05:00";0.03599151343283583;0.04672781363636365
"2019-12-10T18:36:20-05:00";0.03598996268656715;0.046707710447761196
"2019-12-10T18:36:40-05:00";0.03598979696969699;0.0467153015151515
"2019-12-10T18:37:00-05:00";0.03599132537313433;0.04674197014925372
"2019-12-10T18:37:20-05:00";0.03599109552238806;0.04675597313432836
"2019-12-10T18:37:40-05:00";0.03598616;0.046767245
"2019-12-10T18:38:00-05:00";0.036086800545454545;0.046823067045454546
"2019-12-10T18:38:20-05:00";0.036187441090909093;0.04687888909090909
"2019-12-10T18:38:40-05:00";0.03628808163636364;0.04693471113636363
"2019-12-10T18:39:00-05:00";0.036388722181818184;0.04699053318181818
"2019-12-10T18:39:20-05:00";0.036489362727272726;0.047046355227272726
"2019-12-10T18:39:40-05:00";0.036590003272727274;0.04710217727272727
"2019-12-10T18:40:00-05:00";0.03669064381818182;0.04715799931818182
"2019-12-10T18:40:20-05:00";0.036791284363636365;0.04721382136363636
"2019-12-10T18:40:40-05:00";0.036891924909090906;0.04726964340909091
"2019-12-10T18:41:00-05:00";0.036992565454545455;0.047325465454545454
"2019-12-10T18:41:20-05:00";0.03698898059701493;0.047334862121212115
"2019-12-10T18:41:40-05:00";0.0369917106060606;0.0473324104477612
"2019-12-10T18:42:00-05:00";0.036989437313432856;0.04731689104477611
"2019-12-10T18:42:20-05:00";0.03698915151515153;0.04731216969696969
"2019-12-10T18:42:40-05:00";0.03699149850746267;0.04730488059701493
"2019-12-10T18:43:00-05:00";0.03698917692307692;0.04729783076923077
"2019-12-10T18:43:20-05:00";0.037088959069478906;0.04735986382133995
"2019-12-10T18:43:40-05:00";0.03718874121588089;0.04742189687344913
"2019-12-10T18:44:00-05:00";0.037288523362282874;0.04748392992555831
"2019-12-10T18:44:20-05:00";0.03738830550868486;0.04754596297766749
"2019-12-10T18:44:40-05:00";0.03748808765508685;0.04760799602977667
"2019-12-10T18:45:00-05:00";0.03758786980148883;0.04767002908188585
"2019-12-10T18:45:20-05:00";0.03768765194789082;0.04773206213399503
"2019-12-10T18:45:40-05:00";0.037787434094292804;0.04779409518610421
"2019-12-10T18:46:00-05:00";0.037887216240694785;0.04785612823821339
"2019-12-10T18:46:20-05:00";0.03798699838709677;0.04791816129032257
"2019-12-10T18:46:40-05:00";0.037990292537313446;0.04791299402985075
"2019-12-10T18:47:00-05:00";0.037991003030303054;0.04790090454545456
"2019-12-10T18:47:20-05:00";0.03798887313432835;0.04788788507462686
"2019-12-10T18:47:40-05:00";0.03799006417910445;0.04788663880597013
"2019-12-10T18:48:00-05:00";0.037988456060606045;0.04786905757575759
"2019-12-10T18:48:20-05:00";0.037987266666666665;0.0478781
"2019-12-10T18:48:40-05:00";0.03809824074074074;0.047953133333333335
"2019-12-10T18:49:00-05:00";0.03820921481481481;0.04802816666666667
"2019-12-10T18:49:20-05:00";0.03832018888888889;0.0481032
"2019-12-10T18:49:40-05:00";0.038431162962962964;0.048178233333333334
"2019-12-10T18:50:00-05:00";0.03854213703703704;0.04825326666666667
"2019-12-10T18:50:20-05:00";0.03865311111111111;0.048328300000000005
"2019-12-10T18:50:40-05:00";0.03876408518518519;0.04840333333333333
"2019-12-10T18:51:00-05:00";0.03887505925925926;0.04847836666666667
"2019-12-10T18:51:20-05:00";0.038986033333333336;0.048553400000000004
"2019-12-10T18:51:40-05:00";0.03899169999999999;0.04854473880597013
"2019-12-10T18:52:00-05:00";0.0389897223880597;0.04855714090909091
"2019-12-10T18:52:20-05:00";0.03898955;0.04854160298507463
"2019-12-10T18:52:40-05:00";0.03898882835820896;0.0485126656716418
"2019-12-10T18:53:00-05:00";0.038988731818181806;0.04849959696969698
"2019-12-10T18:53:20-05:00";0.038988826153846155;0.048474043076923067
"2019-12-10T18:53:40-05:00";0.03908840262937063;0.04854750976923076
"2019-12-10T18:54:00-05:00";0.039187979104895104;0.04862097646153846
"2019-12-10T18:54:20-05:00";0.03928755558041958;0.04869444315384615
"2019-12-10T18:54:40-05:00";0.03938713205594405;0.04876790984615384
"2019-12-10T18:55:00-05:00";0.03948670853146853;0.04884137653846153
"2019-12-10T18:55:20-05:00";0.03958628500699301;0.04891484323076923
"2019-12-10T18:55:40-05:00";0.03968586148251748;0.04898830992307692
"2019-12-10T18:56:00-05:00";0.03978543795804196;0.04906177661538461
"2019-12-10T18:56:20-05:00";0.03988501443356643;0.04913524330769231
"2019-12-10T18:56:40-05:00";0.03998459090909091;0.04920871
"2019-12-10T18:57:00-05:00";0.0399894106060606;0.0492179089552239
"2019-12-10T18:57:20-05:00";0.03998920149253732;0.04923492835820896
"2019-12-10T18:57:40-05:00";0.03998870895522387;0.049233133333333325
"2019-12-10T18:58:00-05:00";0.039989506060606056;0.049215467164179114
"2019-12-10T18:58:20-05:00";0.03998750447761192;0.04921581940298506
"2019-12-10T18:58:40-05:00";0.03998953508771929;0.049212626315789466
"2019-12-10T18:59:00-05:00";0.04018937602339181;0.04931847312865496
"2019-12-10T18:59:20-05:00";0.04038921695906432;0.04942431994152046
"2019-12-10T18:59:40-05:00";0.04058905789473684;0.04953016675438596
"2019-12-10T19:00:00-05:00";0.040788898830409356;0.049636013567251454
"2019-12-10T19:00:20-05:00";0.040988739766081875;0.04974186038011695
"2019-12-10T19:00:40-05:00";0.041188580701754386;0.049847707192982454
"2019-12-10T19:01:00-05:00";0.041388421637426905;0.04995355400584795
"2019-12-10T19:01:20-05:00";0.04158826257309942;0.05005940081871345
"2019-12-10T19:01:40-05:00";0.041788103508771934;0.050165247631578945
"2019-12-10T19:02:00-05:00";0.04198794444444445;0.05027109444444444
"2019-12-10T19:02:20-05:00";0.041988502985074616;0.0502556567164179
"2019-12-10T19:02:40-05:00";0.04198680909090908;0.05023673484848484
"2019-12-10T19:03:00-05:00";0.041987492537313424;0.050208962686567174
"2019-12-10T19:03:20-05:00";0.041987319402985085;0.05020831343283583
"2019-12-10T19:03:40-05:00";0.04198911515151514;0.05019804848484848
"2019-12-10T19:04:00-05:00";0.041989267999999996;0.050190274
"2019-12-10T19:04:20-05:00";0.04218962;0.05033146775384616
"2019-12-10T19:04:40-05:00";0.042389972;0.05047266150769231
"2019-12-10T19:05:00-05:00";0.042590324;0.05061385526153846
"2019-12-10T19:05:20-05:00";0.042790676;0.050755049015384614
"2019-12-10T19:05:40-05:00";0.042991028;0.05089624276923077
"2019-12-10T19:06:00-05:00";0.04319138;0.05103743652307692
"2019-12-10T19:06:20-05:00";0.043391732;0.05117863027692307
"2019-12-10T19:06:40-05:00";0.043592084;0.05131982403076923
"2019-12-10T19:07:00-05:00";0.043792436000000004;0.051461017784615384
"2019-12-10T19:07:20-05:00";0.043992788000000005;0.051602211538461534
"2019-12-10T19:07:40-05:00";0.04398682985074627;0.05160872878787879
"2019-12-10T19:08:00-05:00";0.04398535970149253;0.05161818656716418
"2019-12-10T19:08:20-05:00";0.043985896969696965;0.051618249253731326
"2019-12-10T19:08:40-05:00";0.0439866014925373;0.0516178671641791
"2019-12-10T19:09:00-05:00";0.04398767611940298;0.05161099402985074
"2019-12-10T19:09:20-05:00";0.043987850000000016;0.05158332325581395
"2019-12-10T19:09:40-05:00";0.04408813000000002;0.051673979367732555
"2019-12-10T19:10:00-05:00";0.04418841000000001;0.051764635479651155
"2019-12-10T19:10:20-05:00";0.04428869000000001;0.05185529159156976
"2019-12-10T19:10:40-05:00";0.04438897000000001;0.05194594770348837
"2019-12-10T19:11:00-05:00";0.04448925000000001;0.05203660381540698
"2019-12-10T19:11:20-05:00";0.04458953000000001;0.05212725992732558
"2019-12-10T19:11:40-05:00";0.04468981;0.05221791603924419
"2019-12-10T19:12:00-05:00";0.044790090000000005;0.052308572151162795
"2019-12-10T19:12:20-05:00";0.04489037;0.052399228263081396
"2019-12-10T19:12:40-05:00";0.04499065;0.052489884375000004
"2019-12-10T19:13:00-05:00";0.04498442537313433;0.05249467761194031
"2019-12-10T19:13:20-05:00";0.04498527462686567;0.052507835820895514
"2019-12-10T19:13:40-05:00";0.04498799090909089;0.052496089393939405
"2019-12-10T19:14:00-05:00";0.044984226865671634;0.052519316417910446
"2019-12-10T19:14:20-05:00";0.0449877432835821;0.05249975
"2019-12-10T19:14:40-05:00";0.04498279714285714;0.052501386111111104
"2019-12-10T19:15:00-05:00";0.04518301317857143;0.052684252249999994
"2019-12-10T19:15:20-05:00";0.04538322921428571;0.052867118388888884
"2019-12-10T19:15:40-05:00";0.04558344524999999;0.053049984527777774
"2019-12-10T19:16:00-05:00";0.04578366128571428;0.053232850666666665
"2019-12-10T19:16:20-05:00";0.04598387732142857;0.053415716805555555
"2019-12-10T19:16:40-05:00";0.04618409335714285;0.05359858294444444
"2019-12-10T19:17:00-05:00";0.046384309392857134;0.05378144908333333
"2019-12-10T19:17:20-05:00";0.04658452542857142;0.05396431522222222
"2019-12-10T19:17:40-05:00";0.04678474146428571;0.05414718136111111
"2019-12-10T19:18:00-05:00";0.046984957499999994;0.0543300475
"2019-12-10T19:18:20-05:00";0.04698773484848486;0.054320903030303014
"2019-12-10T19:18:40-05:00";0.0469841656716418;0.05432028358208955
"2019-12-10T19:19:00-05:00";0.04698521044776119;0.054324398507462644
"2019-12-10T19:19:20-05:00";0.04698698484848485;0.0543097181818182
"2019-12-10T19:19:40-05:00";0.04698398955223881;0.054306552238805976
"2019-12-10T19:20:00-05:00";0.04698904642857142;0.054291460714285714
"2019-12-10T19:20:20-05:00";0.04708864710486321;0.05438676932370821
"2019-12-10T19:20:40-05:00";0.047188247781155004;0.0544820779331307
"2019-12-10T19:21:00-05:00";0.047287848457446796;0.054577386542553195
"2019-12-10T19:21:20-05:00";0.04738744913373859;0.05467269515197569
"2019-12-10T19:21:40-05:00";0.04748704981003038;0.05476800376139818
"2019-12-10T19:22:00-05:00";0.04758665048632218;0.05486331237082068
"2019-12-10T19:22:20-05:00";0.04768625116261397;0.05495862098024317
"2019-12-10T19:22:40-05:00";0.04778585183890576;0.055053929589665665
"2019-12-10T19:23:00-05:00";0.04788545251519755;0.05514923819908816
"2019-12-10T19:23:20-05:00";0.047985053191489345;0.05524454680851065
"2019-12-10T19:23:40-05:00";0.04798359104477613;0.05526640447761195
"2019-12-10T19:24:00-05:00";0.04798698358208957;0.055265786567164174
"2019-12-10T19:24:20-05:00";0.047985046969696965;0.05525822878787879
"2019-12-10T19:24:40-05:00";0.04798458805970149;0.055258797014925344
"2019-12-10T19:25:00-05:00";0.04798566666666668;0.055256863636363625
"2019-12-10T19:25:20-05:00";0.04798525714285714;0.05525080909090909
"2019-12-10T19:25:40-05:00";0.04818506476190476;0.0554395567003367
"2019-12-10T19:26:00-05:00";0.048384872380952376;0.05562830430976431
"2019-12-10T19:26:20-05:00";0.04858467999999999;0.055817051919191916
"2019-12-10T19:26:40-05:00";0.04878448761904761;0.056005799528619525
"2019-12-10T19:27:00-05:00";0.048984295238095235;0.05619454713804713
"2019-12-10T19:27:20-05:00";0.04918410285714285;0.056383294747474735
"2019-12-10T19:27:40-05:00";0.049383910476190465;0.056572042356902344
"2019-12-10T19:28:00-05:00";0.04958371809523809;0.05676078996632995
"2019-12-10T19:28:20-05:00";0.04978352571428571;0.05694953757575756
"2019-12-10T19:28:40-05:00";0.049983333333333324;0.05713828518518517
"2019-12-10T19:29:00-05:00";0.04998428333333334;0.05714918636363638
"2019-12-10T19:29:20-05:00";0.04998374626865669;0.05712387462686567
"2019-12-10T19:29:40-05:00";0.04998243134328361;0.05713810746268658
"2019-12-10T19:30:00-05:00";0.049981621212121206;0.057148237878787866
"2019-12-10T19:30:20-05:00";0.04998347611940298;0.057165792537313444
"2019-12-10T19:30:40-05:00";0.049986164285714285;0.05713450666666667
"2019-12-10T19:31:00-05:00";0.05048573319047619;0.05763022066666667
"2019-12-10T19:31:20-05:00";0.05098530209523809;0.05812593466666667
"2019-12-10T19:31:40-05:00";0.051484870999999995;0.05862164866666667
"2019-12-10T19:32:00-05:00";0.0519844399047619;0.05911736266666667
"2019-12-10T19:32:20-05:00";0.052484008809523794;0.05961307666666667
"2019-12-10T19:32:40-05:00";0.0529835777142857;0.06010879066666667
"2019-12-10T19:33:00-05:00";0.0534831466190476;0.06060450466666667
"2019-12-10T19:33:20-05:00";0.0539827155238095;0.06110021866666667
"2019-12-10T19:33:40-05:00";0.054482284428571406;0.06159593266666667
"2019-12-10T19:34:00-05:00";0.05498185333333331;0.062091646666666674
"2019-12-10T19:34:20-05:00";0.05497882089552236;0.062102294029850756
"2019-12-10T19:34:40-05:00";0.054977677611940313;0.062089513636363614
"2019-12-10T19:35:00-05:00";0.05497770757575757;0.0621214552238806
"2019-12-10T19:35:20-05:00";0.05497833134328359;0.06212845820895523
"2019-12-10T19:35:40-05:00";0.05497907611940298;0.062137206060606055
"2019-12-10T19:36:00-05:00";0.0549801;0.0621357625
"2019-12-10T19:36:20-05:00";0.05553633333333333;0.06266312222222221
"2019-12-10T19:36:40-05:00";0.05609256666666666;0.06319048194444445
"2019-12-10T19:37:00-05:00";0.0566488;0.06371784166666666
"2019-12-10T19:37:20-05:00";0.057205033333333336;0.06424520138888888
"2019-12-10T19:37:40-05:00";0.057761266666666665;0.06477256111111111
"2019-12-10T19:38:00-05:00";0.0583175;0.06529992083333333
"2019-12-10T19:38:20-05:00";0.05887373333333334;0.06582728055555555
"2019-12-10T19:38:40-05:00";0.05942996666666667;0.06635464027777778
"2019-12-10T19:39:00-05:00";0.0599862;0.066882
"2019-12-10T19:39:20-05:00";0.05997741940298509;0.06685973731343285
"2019-12-10T19:39:40-05:00";0.059983906060606024;0.06688278030303033
"2019-12-10T19:40:00-05:00";0.05997940149253731;0.06685840149253733
"2019-12-10T19:40:20-05:00";0.05997533134328357;0.06686599402985074
"2019-12-10T19:40:40-05:00";0.05997123636363636;0.06686059242424243
"2019-12-10T19:41:00-05:00";0.05997573880597015;0.06688249402985072
"2019-12-10T19:41:20-05:00";0.060474169925373134;0.06735683962686564
"2019-12-10T19:41:40-05:00";0.06097260104477612;0.06783118522388057
"2019-12-10T19:42:00-05:00";0.0614710321641791;0.06830553082089551
"2019-12-10T19:42:20-05:00";0.06196946328358209;0.06877987641791043
"2019-12-10T19:42:40-05:00";0.06246789440298507;0.06925422201492536
"2019-12-10T19:43:00-05:00";0.06296632552238805;0.06972856761194028
"2019-12-10T19:43:20-05:00";0.06346475664179103;0.0702029132089552
"2019-12-10T19:43:40-05:00";0.06396318776119403;0.07067725880597014
"2019-12-10T19:44:00-05:00";0.06446161888059701;0.07115160440298507
"2019-12-10T19:44:20-05:00";0.06496004999999999;0.07162595
"2019-12-10T19:44:40-05:00";0.06497136666666666;0.07164247313432837
"2019-12-10T19:45:00-05:00";0.0649773865671642;0.07161182121212122
"2019-12-10T19:45:20-05:00";0.06497117761194031;0.07162257910447763
"2019-12-10T19:45:40-05:00";0.06497480606060607;0.07161419545454545
"2019-12-10T19:46:00-05:00";0.06496904626865674;0.07163144776119408
"2019-12-10T19:46:20-05:00";0.06497860781249999;0.07162771538461542
"2019-12-10T19:46:40-05:00";0.06547928003124999;0.07207516984615388
"2019-12-10T19:47:00-05:00";0.06597995224999999;0.07252262430769234
"2019-12-10T19:47:20-05:00";0.06648062446875;0.0729700787692308
"2019-12-10T19:47:40-05:00";0.0669812966875;0.07341753323076926
"2019-12-10T19:48:00-05:00";0.06748196890625;0.0738649876923077
"2019-12-10T19:48:20-05:00";0.06798264112499999;0.07431244215384616
"2019-12-10T19:48:40-05:00";0.06848331334374999;0.07475989661538462
"2019-12-10T19:49:00-05:00";0.0689839855625;0.07520735107692308
"2019-12-10T19:49:20-05:00";0.06948465778125;0.07565480553846154
"2019-12-10T19:49:40-05:00";0.06998533;0.07610226
"2019-12-10T19:50:00-05:00";0.06997231791044778;0.07610359552238809
"2019-12-10T19:50:20-05:00";0.06996777014925373;0.07612031791044775
"2019-12-10T19:50:40-05:00";0.06997377575757573;0.07611067121212126
"2019-12-10T19:51:00-05:00";0.06996575671641792;0.07612613731343283
"2019-12-10T19:51:20-05:00";0.06997515522388059;0.07612188636363636
"2019-12-10T19:51:40-05:00";0.06996602807017546;0.07614149655172414
"2019-12-10T19:52:00-05:00";0.07046622859649125;0.07655909022988507
"2019-12-10T19:52:20-05:00";0.07096642912280704;0.07697668390804598
"2019-12-10T19:52:40-05:00";0.07146662964912283;0.0773942775862069
"2019-12-10T19:53:00-05:00";0.07196683017543862;0.07781187126436782
"2019-12-10T19:53:20-05:00";0.07246703070175439;0.07822946494252875
"2019-12-10T19:53:40-05:00";0.07296723122807018;0.07864705862068966
"2019-12-10T19:54:00-05:00";0.07346743175438597;0.07906465229885058
"2019-12-10T19:54:20-05:00";0.07396763228070176;0.0794822459770115
"2019-12-10T19:54:40-05:00";0.07446783280701755;0.07989983965517242
"2019-12-10T19:55:00-05:00";0.07496803333333334;0.08031743333333334
"2019-12-10T19:55:20-05:00";0.0749701343283582;0.08031932089552239
"2019-12-10T19:55:40-05:00";0.07497356212121212;0.0802820787878788
"2019-12-10T19:56:00-05:00";0.07496523432835818;0.08029699104477613
"2019-12-10T19:56:20-05:00";0.0749701409090909;0.08026147575757578
"2019-12-10T19:56:40-05:00";0.07496024626865667;0.0803035447761194
"2019-12-10T19:57:00-05:00";0.07497091200000001;0.080278516
"2019-12-10T19:57:20-05:00";0.07547034600000001;0.08069493479999999
"2019-12-10T19:57:40-05:00";0.07596978000000001;0.08111135359999999
"2019-12-10T19:58:00-05:00";0.07646921400000001;0.08152777239999999
"2019-12-10T19:58:20-05:00";0.07696864800000001;0.08194419119999999
"2019-12-10T19:58:40-05:00";0.07746808200000001;0.08236061
"2019-12-10T19:59:00-05:00";0.077967516;0.0827770288
"2019-12-10T19:59:20-05:00";0.07846695000000001;0.0831934476
"2019-12-10T19:59:40-05:00";0.078966384;0.0836098664
"2019-12-10T20:00:00-05:00";0.07946581800000001;0.0840262852
"2019-12-10T20:00:20-05:00";0.079965252;0.084442704
"2019-12-10T20:00:40-05:00";0.07996476268656716;0.08441973283582085
"2019-12-10T20:01:00-05:00";0.07995013283582089;0.08449455671641795
"2019-12-10T20:01:20-05:00";0.07997457121212125;0.08444183939393939
"2019-12-10T20:01:40-05:00";0.07996285373134329;0.08447057611940294
"2019-12-10T20:02:00-05:00";0.07996587014925376;0.0844612621212121
"2019-12-10T20:02:20-05:00";0.0799680523809524;0.08445009302325585
"2019-12-10T20:02:40-05:00";0.08046734502164504;0.08485859553911208
"2019-12-10T20:03:00-05:00";0.08096663766233768;0.08526709805496832
"2019-12-10T20:03:20-05:00";0.08146593030303033;0.08567560057082454
"2019-12-10T20:03:40-05:00";0.08196522294372297;0.08608410308668078
"2019-12-10T20:04:00-05:00";0.0824645155844156;0.08649260560253702
"2019-12-10T20:04:20-05:00";0.08296380822510824;0.08690110811839326
"2019-12-10T20:04:40-05:00";0.08346310086580087;0.0873096106342495
"2019-12-10T20:05:00-05:00";0.08396239350649352;0.08771811315010572
"2019-12-10T20:05:20-05:00";0.08446168614718616;0.08812661566596196
"2019-12-10T20:05:40-05:00";0.0849609787878788;0.0885351181818182
"2019-12-10T20:06:00-05:00";0.08496096666666667;0.08855629545454544
"2019-12-10T20:06:20-05:00";0.08497522238805974;0.08848531492537313
"2019-12-10T20:06:40-05:00";0.08494778358208956;0.08853002089552235
"2019-12-10T20:07:00-05:00";0.08496334999999997;0.0885179575757576
"2019-12-10T20:07:20-05:00";0.08495981194029853;0.08854966567164181
"2019-12-10T20:07:40-05:00";0.08496640285714285;0.08852552
"2019-12-10T20:08:00-05:00";0.08546468382142856;0.08894143924999999
"2019-12-10T20:08:20-05:00";0.08596296478571429;0.0893573585
"2019-12-10T20:08:40-05:00";0.08646124575;0.08977327774999999
"2019-12-10T20:09:00-05:00";0.08695952671428571;0.090189197
"2019-12-10T20:09:20-05:00";0.08745780767857142;0.09060511624999999
"2019-12-10T20:09:40-05:00";0.08795608864285714;0.09102103549999999
"2019-12-10T20:10:00-05:00";0.08845436960714285;0.09143695475
"2019-12-10T20:10:20-05:00";0.08895265057142857;0.09185287399999999
"2019-12-10T20:10:40-05:00";0.08945093153571429;0.09226879325
"2019-12-10T20:11:00-05:00";0.0899492125;0.09268471249999999
"2019-12-10T20:11:20-05:00";0.08995576417910447;0.0926762731343284
"2019-12-10T20:11:40-05:00";0.08995815223880599;0.09267216716417913
"2019-12-10T20:12:00-05:00";0.08995486060606062;0.09268033283582092
"2019-12-10T20:12:20-05:00";0.0899621462686567;0.09266428507462685
"2019-12-10T20:12:40-05:00";0.08995466268656717;0.09268445671641794
"2019-12-10T20:13:00-05:00";0.08995482222222222;0.09268738214285713
"2019-12-10T20:13:20-05:00";0.0904550555319149;0.0931010190349544
"2019-12-10T20:13:40-05:00";0.09095528884160756;0.09351465592705166
"2019-12-10T20:14:00-05:00";0.09145552215130023;0.09392829281914893
"2019-12-10T20:14:20-05:00";0.0919557554609929;0.09434192971124619
"2019-12-10T20:14:40-05:00";0.09245598877068557;0.09475556660334344
"2019-12-10T20:15:00-05:00";0.09295622208037825;0.09516920349544071
"2019-12-10T20:15:20-05:00";0.09345645539007091;0.09558284038753798
"2019-12-10T20:15:40-05:00";0.09395668869976359;0.09599647727963524
"2019-12-10T20:16:00-05:00";0.09445692200945625;0.09641011417173251
"2019-12-10T20:16:20-05:00";0.09495715531914893;0.09682375106382977
"2019-12-10T20:16:40-05:00";0.0949603328358209;0.09681285074626869
"2019-12-10T20:17:00-05:00";0.09496041666666666;0.09679847878787876
"2019-12-10T20:17:20-05:00";0.09495249253731346;0.09676384776119405
"2019-12-10T20:17:40-05:00";0.09495144179104478;0.09679221194029847
"2019-12-10T20:18:00-05:00";0.09494417727272728;0.09679718333333331
"2019-12-10T20:18:20-05:00";0.09495297619047618;0.09683223333333334
"2019-12-10T20:18:40-05:00";0.09545292283068782;0.09723811
"2019-12-10T20:19:00-05:00";0.09595286947089947;0.09764398666666668
"2019-12-10T20:19:20-05:00";0.09645281611111112;0.09804986333333335
"2019-12-10T20:19:40-05:00";0.09695276275132275;0.09845574000000001
"2019-12-10T20:20:00-05:00";0.09745270939153439;0.09886161666666668
"2019-12-10T20:20:20-05:00";0.09795265603174604;0.09926749333333336
"2019-12-10T20:20:40-05:00";0.09845260267195768;0.09967337000000003
"2019-12-10T20:21:00-05:00";0.09895254931216932;0.10007924666666669
"2019-12-10T20:21:20-05:00";0.09945249595238095;0.10048512333333337
"2019-12-10T20:21:40-05:00";0.0999524425925926;0.10089100000000004
"2019-12-10T20:22:00-05:00";0.09995557313432836;0.10086089393939393
"2019-12-10T20:22:20-05:00";0.09993822089552237;0.10093353731343284
"2019-12-10T20:22:40-05:00";0.09995167424242421;0.1009116515151515
"2019-12-10T20:23:00-05:00";0.09995498955223885;0.10091011940298504
"2019-12-10T20:23:20-05:00";0.09996289402985072;0.10084886567164178
"2019-12-10T20:23:40-05:00";0.09992940000000003;0.10087264285714286
"2019-12-10T20:24:00-05:00";0.10043117311475412;0.10127099332552693
"2019-12-10T20:24:20-05:00";0.10093294622950823;0.101669343793911
"2019-12-10T20:24:40-05:00";0.10143471934426232;0.10206769426229509
"2019-12-10T20:25:00-05:00";0.10193649245901641;0.10246604473067916
"2019-12-10T20:25:20-05:00";0.1024382655737705;0.10286439519906324
"2019-12-10T20:25:40-05:00";0.10294003868852461;0.10326274566744731
"2019-12-10T20:26:00-05:00";0.1034418118032787;0.10366109613583138
"2019-12-10T20:26:20-05:00";0.1039435849180328;0.10405944660421547
"2019-12-10T20:26:40-05:00";0.1044453580327869;0.10445779707259954
"2019-12-10T20:27:00-05:00";0.10494713114754099;0.10485614754098362
"2019-12-10T20:27:20-05:00";0.1049464328358209;0.1048581791044776
"2019-12-10T20:27:40-05:00";0.10494743939393937;0.10484704545454544
"2019-12-10T20:28:00-05:00";0.10494502985074626;0.10482300000000003
"2019-12-10T20:28:20-05:00";0.10493514925373133;0.10486555223880596
"2019-12-10T20:28:40-05:00";0.10494898484848483;0.1048435606060606
"2019-12-10T20:29:00-05:00";0.10495785714285714;0.10481828571428571
"2019-12-10T20:29:20-05:00";0.10550926190476191;0.10530064285714286
"2019-12-10T20:29:40-05:00";0.10606066666666666;0.105783
"2019-12-10T20:30:00-05:00";0.10661207142857143;0.10626535714285713
"2019-12-10T20:30:20-05:00";0.1071634761904762;0.10674771428571428
"2019-12-10T20:30:40-05:00";0.10771488095238095;0.10723007142857142
"2019-12-10T20:31:00-05:00";0.10826628571428572;0.10771242857142857
"2019-12-10T20:31:20-05:00";0.10881769047619048;0.1081947857142857
"2019-12-10T20:31:40-05:00";0.10936909523809524;0.10867714285714285
"2019-12-10T20:32:00-05:00";0.1099205;0.10915949999999999
"2019-12-10T20:32:20-05:00";0.10994310447761196;0.10916756716417911
"2019-12-10T20:32:40-05:00";0.10993021212121212;0.10918683333333333
"2019-12-10T20:33:00-05:00";0.10992728358208957;0.10926544776119401
"2019-12-10T20:33:20-05:00";0.10994617910447757;0.10924819696969697
"2019-12-10T20:33:40-05:00";0.1099610909090909;0.10918347761194032
"2019-12-10T20:34:00-05:00";0.10993280303030302;0.10920606060606063
"2019-12-10T20:34:20-05:00";0.11043422272727271;0.10962914343434345
"2019-12-10T20:34:40-05:00";0.11093564242424242;0.11005222626262628
"2019-12-10T20:35:00-05:00";0.11143706212121211;0.11047530909090911
"2019-12-10T20:35:20-05:00";0.11193848181818182;0.11089839191919194
"2019-12-10T20:35:40-05:00";0.11243990151515151;0.11132147474747477
"2019-12-10T20:36:00-05:00";0.1129413212121212;0.11174455757575759
"2019-12-10T20:36:20-05:00";0.11344274090909091;0.11216764040404043
"2019-12-10T20:36:40-05:00";0.11394416060606061;0.11259072323232325
"2019-12-10T20:37:00-05:00";0.11444558030303031;0.11301380606060608
"2019-12-10T20:37:20-05:00";0.11494700000000001;0.1134368888888889
"2019-12-10T20:37:40-05:00";0.11493165671641788;0.11349764179104478
"2019-12-10T20:38:00-05:00";0.11493526865671644;0.11350274626865672
"2019-12-10T20:38:20-05:00";0.11492818181818185;0.11352783333333333
"2019-12-10T20:38:40-05:00";0.11494191044776121;0.11353034328358208
"2019-12-10T20:39:00-05:00";0.11494732835820896;0.11344804477611944
"2019-12-10T20:39:20-05:00";0.11492975862068963;0.11344565517241376
"2019-12-10T20:39:40-05:00";0.1154265298174442;0.1138999778904665
"2019-12-10T20:40:00-05:00";0.11592330101419876;0.11435430060851924
"2019-12-10T20:40:20-05:00";0.11642007221095332;0.11480862332657199
"2019-12-10T20:40:40-05:00";0.11691684340770789;0.11526294604462474
"2019-12-10T20:41:00-05:00";0.11741361460446245;0.11571726876267749
"2019-12-10T20:41:20-05:00";0.11791038580121703;0.11617159148073022
"2019-12-10T20:41:40-05:00";0.1184071569979716;0.11662591419878297
"2019-12-10T20:42:00-05:00";0.11890392819472616;0.11708023691683572
"2019-12-10T20:42:20-05:00";0.11940069939148072;0.11753455963488846
"2019-12-10T20:42:40-05:00";0.11989747058823529;0.11798888235294121
"2019-12-10T20:43:00-05:00";0.11994474242424241;0.117933880597015
"2019-12-10T20:43:20-05:00";0.11993634328358205;0.11792601515151517
"2019-12-10T20:43:40-05:00";0.11993231343283585;0.11790482089552237
"2019-12-10T20:44:00-05:00";0.1199287727272727;0.11788218181818182
"2019-12-10T20:44:20-05:00";0.11992595522388057;0.1179077313432836
"2019-12-10T20:44:40-05:00";0.11992794117647057;0.11789969230769232
"2019-12-10T20:45:00-05:00";0.12043032531969308;0.11833254481605351
"2019-12-10T20:45:20-05:00";0.12093270946291558;0.11876539732441473
"2019-12-10T20:45:40-05:00";0.12143509360613809;0.11919824983277592
"2019-12-10T20:46:00-05:00";0.1219374777493606;0.11963110234113714
"2019-12-10T20:46:20-05:00";0.1224398618925831;0.12006395484949833
"2019-12-10T20:46:40-05:00";0.12294224603580561;0.12049680735785953
"2019-12-10T20:47:00-05:00";0.12344463017902813;0.12092965986622074
"2019-12-10T20:47:20-05:00";0.12394701432225064;0.12136251237458194
"2019-12-10T20:47:40-05:00";0.12444939846547314;0.12179536488294315
"2019-12-10T20:48:00-05:00";0.12495178260869565;0.12222821739130435
"2019-12-10T20:48:20-05:00";0.12492350746268657;0.12224617910447763
"2019-12-10T20:48:40-05:00";0.12491744776119407;0.12229376119402989
"2019-12-10T20:49:00-05:00";0.12493642424242424;0.12227753030303032
"2019-12-10T20:49:20-05:00";0.12492068656716415;0.12228068656716416
"2019-12-10T20:49:40-05:00";0.12493158208955223;0.12225675757575756
"2019-12-10T20:50:00-05:00";0.12491643181818181;0.12229493333333336
"2019-12-10T20:50:20-05:00";0.12541505960410557;0.12274217870967744
"2019-12-10T20:50:40-05:00";0.1259136873900293;0.12318942408602153
"2019-12-10T20:51:00-05:00";0.12641231517595308;0.12363666946236561
"2019-12-10T20:51:20-05:00";0.12691094296187683;0.1240839148387097
"2019-12-10T20:51:40-05:00";0.12740957074780057;0.12453116021505378
"2019-12-10T20:52:00-05:00";0.12790819853372434;0.12497840559139786
"2019-12-10T20:52:20-05:00";0.1284068263196481;0.12542565096774194
"2019-12-10T20:52:40-05:00";0.12890545410557183;0.12587289634408605
"2019-12-10T20:53:00-05:00";0.1294040818914956;0.12632014172043013
"2019-12-10T20:53:20-05:00";0.12990270967741935;0.1267673870967742
"2019-12-10T20:53:40-05:00";0.1299241641791045;0.1267386666666667
"2019-12-10T20:54:00-05:00";0.1299210909090909;0.12679359701492535
"2019-12-10T20:54:20-05:00";0.12992243283582094;0.12681507462686564
"2019-12-10T20:54:40-05:00";0.12993812121212128;0.12672899999999998
"2019-12-10T20:55:00-05:00";0.1299092089552239;0.1267692388059702
"2019-12-10T20:55:20-05:00";0.12992900000000002;0.1267607297297297
"2019-12-10T20:55:40-05:00";0.1304296105263158;0.1271927778093883
"2019-12-10T20:56:00-05:00";0.13093022105263158;0.12762482588904692
"2019-12-10T20:56:20-05:00";0.13143083157894736;0.12805687396870555
"2019-12-10T20:56:40-05:00";0.13193144210526314;0.12848892204836415
"2019-12-10T20:57:00-05:00";0.13243205263157892;0.12892097012802275
"2019-12-10T20:57:20-05:00";0.13293266315789473;0.12935301820768136
"2019-12-10T20:57:40-05:00";0.1334332736842105;0.12978506628733996
"2019-12-10T20:58:00-05:00";0.1339338842105263;0.1302171143669986
"2019-12-10T20:58:20-05:00";0.13443449473684208;0.1306491624466572
"2019-12-10T20:58:40-05:00";0.13493510526315786;0.1310812105263158
"2019-12-10T20:59:00-05:00";0.13489888059701494;0.13119497014925371
"2019-12-10T20:59:20-05:00";0.13493931343283577;0.13107743939393945
"2019-12-10T20:59:40-05:00";0.13491272727272724;0.13113152238805972
"2019-12-10T21:00:00-05:00";0.13491794029850745;0.1310795151515152
"2019-12-10T21:00:20-05:00";0.13491795454545452;0.1311082686567164
"2019-12-10T21:00:40-05:00";0.13489753333333335;0.13115223333333328
"2019-12-10T21:01:00-05:00";0.13539881333333334;0.13157401222222218
"2019-12-10T21:01:20-05:00";0.13590009333333333;0.13199579111111107
"2019-12-10T21:01:40-05:00";0.13640137333333335;0.13241756999999998
"2019-12-10T21:02:00-05:00";0.13690265333333335;0.13283934888888888
"2019-12-10T21:02:20-05:00";0.13740393333333334;0.13326112777777777
"2019-12-10T21:02:40-05:00";0.13790521333333333;0.13368290666666666
"2019-12-10T21:03:00-05:00";0.13840649333333332;0.13410468555555555
"2019-12-10T21:03:20-05:00";0.13890777333333335;0.13452646444444447
"2019-12-10T21:03:40-05:00";0.13940905333333334;0.13494824333333336
"2019-12-10T21:04:00-05:00";0.13991033333333333;0.13537002222222225
"2019-12-10T21:04:20-05:00";0.13989758208955227;0.1354817313432836
"2019-12-10T21:04:40-05:00";0.13992252238805972;0.135466328358209
"2019-12-10T21:05:00-05:00";0.13990969696969696;0.13546951515151517
"2019-12-10T21:05:20-05:00";0.13992089552238804;0.1354758805970149
"2019-12-10T21:05:40-05:00";0.1399159552238806;0.1354441194029851
"2019-12-10T21:06:00-05:00";0.1398991363636364;0.13548765217391304
"2019-12-10T21:06:20-05:00";0.14040280349650353;0.13592131387959866
"2019-12-10T21:06:40-05:00";0.14090647062937067;0.13635497558528428
"2019-12-10T21:07:00-05:00";0.1414101377622378;0.13678863729096988
"2019-12-10T21:07:20-05:00";0.1419138048951049;0.1372222989966555
"2019-12-10T21:07:40-05:00";0.14241747202797206;0.13765596070234112
"2019-12-10T21:08:00-05:00";0.14292113916083918;0.13808962240802675
"2019-12-10T21:08:20-05:00";0.1434248062937063;0.13852328411371237
"2019-12-10T21:08:40-05:00";0.14392847342657342;0.13895694581939796
"2019-12-10T21:09:00-05:00";0.14443214055944056;0.1393906075250836
"2019-12-10T21:09:20-05:00";0.14493580769230768;0.1398242692307692
"2019-12-10T21:09:40-05:00";0.14489002985074625;0.1399082089552239
"2019-12-10T21:10:00-05:00";0.14492293939393938;0.1399194090909091
"2019-12-10T21:10:20-05:00";0.14488925373134323;0.13996647761194034
"2019-12-10T21:10:40-05:00";0.14492531343283582;0.13989774242424244
"2019-12-10T21:11:00-05:00";0.1449172878787879;0.13982491044776127
"2019-12-10T21:11:20-05:00";0.144879375;0.139921125
"2019-12-10T21:11:40-05:00";0.1453826154661017;0.14034802916666667
"2019-12-10T21:12:00-05:00";0.14588585593220338;0.14077493333333335
"2019-12-10T21:12:20-05:00";0.14638909639830508;0.1412018375
"2019-12-10T21:12:40-05:00";0.14689233686440678;0.14162874166666667
"2019-12-10T21:13:00-05:00";0.14739557733050845;0.14205564583333335
"2019-12-10T21:13:20-05:00";0.14789881779661015;0.14248255
"2019-12-10T21:13:40-05:00";0.14840205826271186;0.14290945416666667
"2019-12-10T21:14:00-05:00";0.14890529872881356;0.14333635833333333
"2019-12-10T21:14:20-05:00";0.14940853919491523;0.14376326250000002
"2019-12-10T21:14:40-05:00";0.14991177966101693;0.14419016666666667
"2019-12-10T21:15:00-05:00";0.14991446268656722;0.14417468181818177
"2019-12-10T21:15:20-05:00";0.14989420895522385;0.14415868656716418
"2019-12-10T21:15:40-05:00";0.14990859090909092;0.14415032835820893
"2019-12-10T21:16:00-05:00";0.1498993134328358;0.1441877313432836
"2019-12-10T21:16:20-05:00";0.1499082835820896;0.14416586567164177
"2019-12-10T21:16:40-05:00";0.149920625;0.1440832222222222
"2019-12-10T21:17:00-05:00";0.15041623674242424;0.144542003030303
"2019-12-10T21:17:20-05:00";0.15091184848484848;0.14500078383838383
"2019-12-10T21:17:40-05:00";0.15140746022727272;0.14545956464646465
"2019-12-10T21:18:00-05:00";0.15190307196969696;0.14591834545454546
"2019-12-10T21:18:20-05:00";0.15239868371212123;0.14637712626262628
"2019-12-10T21:18:40-05:00";0.15289429545454547;0.14683590707070707
"2019-12-10T21:19:00-05:00";0.1533899071969697;0.14729468787878788
"2019-12-10T21:19:20-05:00";0.15388551893939395;0.1477534686868687
"2019-12-10T21:19:40-05:00";0.1543811306818182;0.14821224949494952
"2019-12-10T21:20:00-05:00";0.15487674242424243;0.14867103030303033
"2019-12-10T21:20:20-05:00";0.15491961194029852;0.14859767164179105
"2019-12-10T21:20:40-05:00";0.15489520895522393;0.14861486363636364
"2019-12-10T21:21:00-05:00";0.15489975757575758;0.1485761044776119
"2019-12-10T21:21:20-05:00";0.1548932686567164;0.14855679104477612
"2019-12-10T21:21:40-05:00";0.15488760606060606;0.1486021363636363
"2019-12-10T21:22:00-05:00";0.154921;0.148704
"2019-12-10T21:22:20-05:00";0.15547355555555556;0.14916703174603174
"2019-12-10T21:22:40-05:00";0.15602611111111112;0.14963006349206348
"2019-12-10T21:23:00-05:00";0.15657866666666667;0.15009309523809525
"2019-12-10T21:23:20-05:00";0.15713122222222223;0.150556126984127
"2019-12-10T21:23:40-05:00";0.15768377777777776;0.15101915873015873
"2019-12-10T21:24:00-05:00";0.1582363333333333;0.15148219047619046
"2019-12-10T21:24:20-05:00";0.15878888888888887;0.15194522222222223
"2019-12-10T21:24:40-05:00";0.15934144444444442;0.15240825396825397
"2019-12-10T21:25:00-05:00";0.15989399999999998;0.1528712857142857
"2019-12-10T21:25:20-05:00";0.15988468656716415;0.15300910447761198
"2019-12-10T21:25:40-05:00";0.1599056212121212;0.15297119696969697
"2019-12-10T21:26:00-05:00";0.15990473134328356;0.15299750746268656
"2019-12-10T21:26:20-05:00";0.159901;0.15295658208955218
"2019-12-10T21:26:40-05:00";0.1598863787878788;0.15295654545454546
"2019-12-10T21:27:00-05:00";0.1599154918032787;0.15284240983606556
"2019-12-10T21:27:20-05:00";0.16041422262295083;0.15327688313817328
"2019-12-10T21:27:40-05:00";0.16091295344262296;0.15371135644028103
"2019-12-10T21:28:00-05:00";0.16141168426229507;0.15414582974238877
"2019-12-10T21:28:20-05:00";0.1619104150819672;0.1545803030444965
"2019-12-10T21:28:40-05:00";0.16240914590163935;0.1550147763466042
"2019-12-10T21:29:00-05:00";0.1629078767213115;0.15544924964871196
"2019-12-10T21:29:20-05:00";0.16340660754098363;0.1558837229508197
"2019-12-10T21:29:40-05:00";0.16390533836065574;0.15631819625292742
"2019-12-10T21:30:00-05:00";0.16440406918032788;0.15675266955503514
"2019-12-10T21:30:20-05:00";0.16490280000000002;0.1571871428571429
"2019-12-10T21:30:40-05:00";0.1648829090909091;0.1572338507462686
"2019-12-10T21:31:00-05:00";0.1649060746268658;0.1571925522388059
"2019-12-10T21:31:20-05:00";0.1648880149253731;0.15722395454545454
"2019-12-10T21:31:40-05:00";0.1648929090909091;0.1571508358208956
"2019-12-10T21:32:00-05:00";0.16490313432835818;0.157128447761194
"2019-12-10T21:32:20-05:00";0.16489007547169812;0.15713756603773588
"2019-12-10T21:32:40-05:00";0.16539019065180105;0.15758191852487138
"2019-12-10T21:33:00-05:00";0.16589030583190395;0.15802627101200686
"2019-12-10T21:33:20-05:00";0.16639042101200685;0.15847062349914237
"2019-12-10T21:33:40-05:00";0.16689053619210978;0.15891497598627788
"2019-12-10T21:34:00-05:00";0.1673906513722127;0.1593593284734134
"2019-12-10T21:34:20-05:00";0.1678907665523156;0.15980368096054887
"2019-12-10T21:34:40-05:00";0.1683908817324185;0.16024803344768437
"2019-12-10T21:35:00-05:00";0.16889099691252143;0.16069238593481988
"2019-12-10T21:35:20-05:00";0.16939111209262436;0.16113673842195536
"2019-12-10T21:35:40-05:00";0.16989122727272726;0.16158109090909087
"2019-12-10T21:36:00-05:00";0.16988199999999995;0.16163625757575756
"2019-12-10T21:36:20-05:00";0.1698906969696969;0.1615613134328358
"2019-12-10T21:36:40-05:00";0.16987428358208953;0.16164514925373144
"2019-12-10T21:37:00-05:00";0.169889;0.1616465757575758
"2019-12-10T21:37:20-05:00";0.1698975;0.1616212537313433
"2019-12-10T21:37:40-05:00";0.1698895652173913;0.1616128913043478
"2019-12-10T21:38:00-05:00";0.17039362248875561;0.1620232125187406
"2019-12-10T21:38:20-05:00";0.17089767976011994;0.1624335337331334
"2019-12-10T21:38:40-05:00";0.17140173703148426;0.16284385494752623
"2019-12-10T21:39:00-05:00";0.17190579430284858;0.16325417616191903
"2019-12-10T21:39:20-05:00";0.1724098515742129;0.16366449737631183
"2019-12-10T21:39:40-05:00";0.1729139088455772;0.16407481859070464
"2019-12-10T21:40:00-05:00";0.17341796611694152;0.16448513980509744
"2019-12-10T21:40:20-05:00";0.17392202338830584;0.16489546101949026
"2019-12-10T21:40:40-05:00";0.17442608065967016;0.16530578223388306
"2019-12-10T21:41:00-05:00";0.17493013793103449;0.16571610344827586
"2019-12-10T21:41:20-05:00";0.17484988059701498;0.1658821044776119
"2019-12-10T21:41:40-05:00";0.17488877611940298;0.16587133333333334
"2019-12-10T21:42:00-05:00";0.17489289393939392;0.16581379104477612
"2019-12-10T21:42:20-05:00";0.17484874626865682;0.1659737611940299
"2019-12-10T21:42:40-05:00";0.17489955223880596;0.16595359090909098
"2019-12-10T21:43:00-05:00";0.1749166315789474;0.16581966666666664
"2019-12-10T21:43:20-05:00";0.17541091977240403;0.16623520540540537
"2019-12-10T21:43:40-05:00";0.17590520796586062;0.16665074414414413
"2019-12-10T21:44:00-05:00";0.17639949615931722;0.1670662828828829
"2019-12-10T21:44:20-05:00";0.17689378435277384;0.16748182162162162
"2019-12-10T21:44:40-05:00";0.17738807254623046;0.16789736036036035
"2019-12-10T21:45:00-05:00";0.17788236073968705;0.1683128990990991
"2019-12-10T21:45:20-05:00";0.17837664893314364;0.16872843783783786
"2019-12-10T21:45:40-05:00";0.17887093712660027;0.1691439765765766
"2019-12-10T21:46:00-05:00";0.1793652253200569;0.16955951531531532
"2019-12-10T21:46:20-05:00";0.17985951351351348;0.16997505405405408
"2019-12-10T21:46:40-05:00";0.17985954545454547;0.17007543939393938
"2019-12-10T21:47:00-05:00";0.179897119402985;0.16998489552238807
"2019-12-10T21:47:20-05:00";0.17987901492537314;0.1699506119402985
"2019-12-10T21:47:40-05:00";0.1798658484848485;0.1699875606060606
"2019-12-10T21:48:00-05:00";0.17985346268656718;0.1701487611940298
"2019-12-10T21:48:20-05:00";0.17990045161290322;0.17004070967741933
"2019-12-10T21:48:40-05:00";0.1804011314516129;0.17047299780058647
"2019-12-10T21:49:00-05:00";0.18090181129032257;0.17090528592375365
"2019-12-10T21:49:20-05:00";0.18140249112903226;0.1713375740469208
"2019-12-10T21:49:40-05:00";0.18190317096774195;0.17176986217008794
"2019-12-10T21:50:00-05:00";0.1824038508064516;0.17220215029325509
"2019-12-10T21:50:20-05:00";0.1829045306451613;0.17263443841642226
"2019-12-10T21:50:40-05:00";0.18340521048387098;0.1730667265395894
"2019-12-10T21:51:00-05:00";0.18390589032258067;0.17349901466275655
"2019-12-10T21:51:20-05:00";0.18440657016129033;0.17393130278592372
"2019-12-10T21:51:40-05:00";0.18490725000000002;0.17436359090909087
"2019-12-10T21:52:00-05:00";0.18487705970149254;0.174338328358209
"2019-12-10T21:52:20-05:00";0.18486039393939396;0.17441086363636363
"2019-12-10T21:52:40-05:00";0.1848784328358209;0.17438638805970155
"2019-12-10T21:53:00-05:00";0.18484514925373133;0.17453626865671648
"2019-12-10T21:53:20-05:00";0.18488892424242429;0.17449716666666662
"2019-12-10T21:53:40-05:00";0.18488387500000003;0.17450808333333334
"2019-12-10T21:54:00-05:00";0.18538295673076927;0.17492685384615386
"2019-12-10T21:54:20-05:00";0.1858820384615385;0.17534562435897438
"2019-12-10T21:54:40-05:00";0.1863811201923077;0.1757643948717949
"2019-12-10T21:55:00-05:00";0.18688020192307694;0.17618316538461543
"2019-12-10T21:55:20-05:00";0.18737928365384618;0.17660193589743595
"2019-12-10T21:55:40-05:00";0.18787836538461541;0.17702070641025644
"2019-12-10T21:56:00-05:00";0.18837744711538465;0.17743947692307696
"2019-12-10T21:56:20-05:00";0.18887652884615386;0.17785824743589748
"2019-12-10T21:56:40-05:00";0.1893756105769231;0.178277017948718
"2019-12-10T21:57:00-05:00";0.18987469230769233;0.17869578846153852
"2019-12-10T21:57:20-05:00";0.18984163636363635;0.17875396969696972
"2019-12-10T21:57:40-05:00";0.18989343283582089;0.17873331343283574
"2019-12-10T21:58:00-05:00";0.1898693484848484;0.17859381818181821
"2019-12-10T21:58:20-05:00";0.18984477611940304;0.17871974626865672
"2019-12-10T21:58:40-05:00";0.1898788208955224;0.17864368656716417
"2019-12-10T21:59:00-05:00";0.1898646875;0.17865982352941173
"2019-12-10T21:59:20-05:00";0.1903666480603448;0.1790717980730223
"2019-12-10T21:59:40-05:00";0.19086860862068963;0.17948377261663281
"2019-12-10T22:00:00-05:00";0.19137056918103448;0.17989574716024337
"2019-12-10T22:00:20-05:00";0.1918725297413793;0.18030772170385392
"2019-12-10T22:00:40-05:00";0.19237449030172413;0.18071969624746448
"2019-12-10T22:01:00-05:00";0.19287645086206895;0.181131670791075
"2019-12-10T22:01:20-05:00";0.19337841142241377;0.18154364533468556
"2019-12-10T22:01:40-05:00";0.19388037198275862;0.18195561987829612
"2019-12-10T22:02:00-05:00";0.19438233254310344;0.18236759442190664
"2019-12-10T22:02:20-05:00";0.19488429310344826;0.1827795689655172
"2019-12-10T22:02:40-05:00";0.19487546268656708;0.18275677611940302
"2019-12-10T22:03:00-05:00";0.19484646969696973;0.182842803030303
"2019-12-10T22:03:20-05:00";0.19484864179104475;0.18290476119402982
"2019-12-10T22:03:40-05:00";0.19488059701492538;0.18283477611940294
"2019-12-10T22:04:00-05:00";0.19486413636363636;0.18276930303030303
"2019-12-10T22:04:20-05:00";0.19491019999999998;0.18274719999999997
"2019-12-10T22:04:40-05:00";0.19540475727272724;0.18318989363636362
"2019-12-10T22:05:00-05:00";0.1958993145454545;0.18363258727272724
"2019-12-10T22:05:20-05:00";0.1963938718181818;0.1840752809090909
"2019-12-10T22:05:40-05:00";0.19688842909090906;0.18451797454545454
"2019-12-10T22:06:00-05:00";0.19738298636363633;0.18496066818181817
"2019-12-10T22:06:20-05:00";0.1978775436363636;0.18540336181818182
"2019-12-10T22:06:40-05:00";0.19837210090909085;0.18584605545454547
"2019-12-10T22:07:00-05:00";0.19886665818181815;0.18628874909090912
"2019-12-10T22:07:20-05:00";0.1993612154545454;0.18673144272727274
"2019-12-10T22:07:40-05:00";0.19985577272727267;0.1871741363636364
"2019-12-10T22:08:00-05:00";0.19985695454545452;0.1872594545454546
"2019-12-10T22:08:20-05:00";0.19986525373134334;0.18722591044776113
"2019-12-10T22:08:40-05:00";0.1998666865671642;0.1870857575757576
"2019-12-10T22:09:00-05:00";0.19983001515151513;0.1871702686567165
"2019-12-10T22:09:20-05:00";0.19986107462686567;0.18720629850746265
"2019-12-10T22:09:40-05:00";0.18773200000000004;0.17418364999999986
"2019-12-10T22:10:00-05:00";0.17774074626865677;0.16718448484848486
"2019-12-10T22:10:20-05:00";0.1706319850746269;0.16125780597014922
"2019-12-10T22:10:40-05:00";0.16380878787878791;0.15543292424242425
"2019-12-10T22:11:00-05:00";0.1572704328358209;0.14972643283582093
"2019-12-10T22:11:20-05:00";0.1507250303030303;0.14400534328358214
"2019-12-10T22:11:40-05:00";0.14434422388059703;0.13849453030303033
"2019-12-10T22:12:00-05:00";0.13793340298507464;0.13291416417910445
"2019-12-10T22:12:20-05:00";0.13180657575757576;0.12755553731343278
"2019-12-10T22:12:40-05:00";0.12580229850746272;0.12227640909090909
"2019-12-10T22:13:00-05:00";0.1199192686567164;0.11721811940298506
"2019-12-10T22:13:20-05:00";0.11433175757575756;0.11235525757575755
"2019-12-10T22:13:40-05:00";0.10881946268656718;0.10764271641791046
"2019-12-10T22:14:00-05:00";0.1035374776119403;0.10329535820895518
"2019-12-10T22:14:20-05:00";0.09852965909090906;0.0992509121212121
"2019-12-10T22:14:40-05:00";0.09367281791044778;0.09537877313432837
"2019-12-10T22:15:00-05:00";0.08910187313432837;0.09156500303030302
"2019-12-10T22:15:20-05:00";0.08470760909090905;0.08803559402985073
"2019-12-10T22:15:40-05:00";0.08059033731343282;0.08474920298507459
"2019-12-10T22:16:00-05:00";0.0766774671641791;0.08146474545454543
"2019-12-10T22:16:20-05:00";0.07298816060606059;0.07850769552238808
"2019-12-10T22:16:40-05:00";0.06944221641791044;0.07558090151515148
"2019-12-10T22:17:00-05:00";0.06615982878787878;0.07266675820895523
"2019-12-10T22:17:20-05:00";0.06307518955223884;0.06978193582089554
"2019-12-10T22:17:40-05:00";0.060095907462686546;0.06708621666666666
"2019-12-10T22:18:00-05:00";0.057347122727272715;0.06457384029850748
"2019-12-10T22:18:20-05:00";0.054729328358208984;0.06214037313432836
"2019-12-10T22:18:40-05:00";0.05231869402985077;0.05979169104477612
"2019-12-10T22:19:00-05:00";0.049975018181818175;0.057580977272727284
"2019-12-10T22:19:20-05:00";0.047805340298507464;0.05559478208955225
"2019-12-10T22:19:40-05:00";0.04575986716417909;0.05375855820895524
"2019-12-10T22:20:00-05:00";0.04384967424242423;0.052047891044776105
"2019-12-10T22:20:20-05:00";0.04207194626865672;0.050634680303030304
"2019-12-10T22:20:40-05:00";0.04035310000000001;0.04955736268656717
"2019-12-10T22:21:00-05:00";0.03876794696969698;0.048523059701492545
"2019-12-10T22:21:20-05:00";0.03725678059701493;0.04757193030303031
"2019-12-10T22:21:40-05:00";0.035815522388059705;0.04671816268656717
"2019-12-10T22:22:00-05:00";0.034481628787878776;0.04595161044776121
"2019-12-10T22:22:20-05:00";0.03322469253731343;0.04524863181818179
"2019-12-10T22:22:40-05:00";0.03203672424242425;0.04463902835820896
"2019-12-10T22:23:00-05:00";0.0309204;0.030121777272727277
"2019-12-10T22:23:20-05:00";0.02984857014925373;0
"2019-12-10T22:23:40-05:00";0.028850304545454543;0
"2019-12-10T22:24:00-05:00";0.027891373134328365;0
"2019-12-10T22:24:20-05:00";0.0269989208955224;0
"2019-12-10T22:24:40-05:00";0.026146118181818178;0
"2019-12-10T22:25:00-05:00";0.02535163134328358;0
"2019-12-10T22:25:20-05:00";0.0245826671641791;0
"2019-12-10T22:25:40-05:00";0.023861834848484843;0
"2019-12-10T22:26:00-05:00";0.023188292537313426;0
"2019-12-10T22:26:20-05:00";0.022547556716417914;0
"2019-12-10T22:26:40-05:00";0.021942069696969695;0
"2019-12-10T22:27:00-05:00";0.02138129552238805;0
"2019-12-10T22:27:20-05:00";0.02084101194029851;0
"2019-12-10T22:27:40-05:00";0.020339346969696973;0
"2019-12-10T22:28:00-05:00";0.019854277611940297;0
"2019-12-10T22:28:20-05:00";0.01939878507462687;0
"2019-12-10T22:28:40-05:00";0.018967965151515147;0
"2019-12-10T22:29:00-05:00";0.018560822388059704;0
"2019-12-10T22:29:20-05:00";0.018172603030303037;0
"2019-12-10T22:29:40-05:00";0.017799467164179104;0
"2019-12-10T22:30:00-05:00";0.017444155223880594;0
"2019-12-10T22:30:20-05:00";0.017111151515151517;0
"2019-12-10T22:30:40-05:00";0.016799153731343282;0
"2019-12-10T22:31:00-05:00";0.016504511940298512;0
"2019-12-10T22:31:20-05:00";0.016218818181818185;0
"2019-12-10T22:31:40-05:00";0.01594580447761194;0
"2019-12-10T22:32:00-05:00";0.01569848805970149;0
"2019-12-10T22:32:20-05:00";0.015453607575757587;0
"2019-12-10T22:32:40-05:00";0.015222889552238808;0
"2019-12-10T22:33:00-05:00";0.014996329850746268;0
"2019-12-10T22:33:20-05:00";0.01479782575757576;0
"2019-12-10T22:33:40-05:00";0.014604813432835817;0
"2019-12-10T22:34:00-05:00";0.014417622388059704;0
"2019-12-10T22:34:20-05:00";0.014238068181818185;0
"2019-12-10T22:34:40-05:00";0.014072053731343287;0
"2019-12-10T22:35:00-05:00";0.013910283582089547;0
"2019-12-10T22:35:20-05:00";0.013764619696969701;0
"2019-12-10T22:35:40-05:00";0.013622931343283582;0
"2019-12-10T22:36:00-05:00";0.013490803030303032;0
"2019-12-10T22:36:20-05:00";0.013361173134328356;0
"2019-12-10T22:36:40-05:00";0.01323227313432836;0
"2019-12-10T22:37:00-05:00";0.01311077878787879;0
"2019-12-10T22:37:20-05:00";0.012997550746268653;0
"2019-12-10T22:37:40-05:00";0.012893408955223886;0
"2019-12-10T22:38:00-05:00";0.012794204545454548;0
"2019-12-10T22:38:20-05:00";0.012658540298507465;0
"2019-12-10T22:38:40-05:00";0.012436373134328355;0
"2019-12-10T22:39:00-05:00";0.012252951515151518;0
"2019-12-10T22:39:20-05:00";0.012110986567164172;0
"2019-12-10T22:39:40-05:00";0.011964092537313434;0
"2019-12-10T22:40:00-05:00";0.011826599999999994;0
"2019-12-10T22:40:20-05:00";0.011705962686567165;0
"2019-12-10T22:40:40-05:00";0.01158964328358209;0
"2019-12-10T22:41:00-05:00";0.01147997727272727;0
"2019-12-10T22:41:20-05:00";0.011373777611940302;0
"2019-12-10T22:41:40-05:00";0.011265734848484851;0
"2019-12-10T22:42:00-05:00";0.011161670149253736;0
"2019-12-10T22:42:20-05:00";0.011070614925373128;0
"2019-12-10T22:42:40-05:00";0.01098021818181818;0
"2019-12-10T22:43:00-05:00";0.010899755223880593;0
"2019-12-10T22:43:20-05:00";0.010818534328358205;0
"2019-12-10T22:43:40-05:00";0.010740198484848487;0
"2019-12-10T22:44:00-05:00";0.010665149253731342;0
"2019-12-10T22:44:20-05:00";0.010590868656716414;0
"2019-12-10T22:44:40-05:00";0.010523224242424243;0
"2019-12-10T22:45:00-05:00";0.010450880597014923;0
"2019-12-10T22:45:20-05:00";0.010387619402985077;0
"2019-12-10T22:45:40-05:00";0.01030974090909091;0
"2019-12-10T22:46:00-05:00";0.010252986567164179;0
"2019-12-10T22:46:20-05:00";0.01018603582089552;0
"2019-12-10T22:46:40-05:00";0.01012955606060606;0
"2019-12-10T22:47:00-05:00";0.010077129850746267;0
"2019-12-10T22:47:20-05:00";0.010016238805970152;0
"2019-12-10T22:47:40-05:00";0.009967134848484853;0
"2019-12-10T22:48:00-05:00";0.009905555223880596;0
"2019-12-10T22:48:20-05:00";0.009888845454545455;0
"2019-12-10T22:48:40-05:00";0.009983310447761197;0
"2019-12-10T22:49:00-05:00";0.010101338805970151;0
"2019-12-10T22:49:20-05:00";0.010145474242424242;0
"2019-12-10T22:49:40-05:00";0.010164189552238806;0
"2019-12-10T22:50:00-05:00";0.010167364179104476;0
"2019-12-10T22:50:20-05:00";0.010158510606060609;0
"2019-12-10T22:50:40-05:00";0.010143885074626864;0
"2019-12-10T22:51:00-05:00";0.010137582089552242;0
"2019-12-10T22:51:20-05:00";0.01011138181818182;0
"2019-12-10T22:51:40-05:00";0.010091923880597011;0
"2019-12-10T22:52:00-05:00";0.010061979104477613;0
"2019-12-10T22:52:20-05:00";0.010031416666666671;0
"2019-12-10T22:52:40-05:00";0.009997065671641788;0
"2019-12-10T22:53:00-05:00";0.009968797014925373;0
"2019-12-10T22:53:20-05:00";0.009932883333333337;0
"2019-12-10T22:53:40-05:00";0.009919535820895524;0
"2019-12-10T22:54:00-05:00";0.009971007462686567;0
"2019-12-10T22:54:20-05:00";0.010064877272727271;0
"2019-12-10T22:54:40-05:00";0.010102241791044776;0
"2019-12-10T22:55:00-05:00";0.01011892575757576;0
"2019-12-10T22:55:20-05:00";0.010123302985074627;0
"2019-12-10T22:55:40-05:00";0.010118826865671641;0
"2019-12-10T22:56:00-05:00";0.010109666666666666;0
"2019-12-10T22:56:20-05:00";0.010091941791044777;0
"2019-12-10T22:56:40-05:00";0.010072522388059701;0
"2019-12-10T22:57:00-05:00";0.010050863636363636;0
"2019-12-10T22:57:20-05:00";0.010034391044776122;0
"2019-12-10T22:57:40-05:00";0.010006402985074632;0
"2019-12-10T22:58:00-05:00";0.009972630303030305;0
"2019-12-10T22:58:20-05:00";0.009945789552238807;0
"2019-12-10T22:58:40-05:00";0.009922125373134326;0
"2019-12-10T22:59:00-05:00";0.009949215151515155;0
"2019-12-10T22:59:20-05:00";0.010034611940298513;0
"2019-12-10T22:59:40-05:00";0.010090637313432838;0
"2019-12-10T23:00:00-05:00";0.01011540606060606;0
"2019-12-10T23:00:20-05:00";0.01012843283582089;0
"2019-12-10T23:00:40-05:00";0.01012748181818182;0
"2019-12-10T23:01:00-05:00";0.010123286567164182;0
"2019-12-10T23:01:20-05:00";0.010115488888888892;0